date_ID,Date,Year,Month,MonthNo,DayOfWeek,DayOfWeekNo,DayOfMonthNo,HolidaySeason
1,2021-01-01,2021,January,1,Friday,5,1,YES
2,2021-01-02,2021,January,1,Saturday,6,2,NO
3,2021-01-03,2021,January,1,Sunday,7,3,NO
4,2021-01-04,2021,January,1,Monday,1,4,NO
5,2021-01-05,2021,January,1,Tuesday,2,5,NO
6,2021-01-06,2021,January,1,Wednesday,3,6,YES
7,2021-01-07,2021,January,1,Thursday,4,7,NO
8,2021-01-08,2021,January,1,Friday,5,8,NO
9,2021-01-09,2021,January,1,Saturday,6,9,NO
10,2021-01-10,2021,January,1,Sunday,7,10,NO
11,2021-01-11,2021,January,1,Monday,1,11,NO
12,2021-01-12,2021,January,1,Tuesday,2,12,NO
13,2021-01-13,2021,January,1,Wednesday,3,13,NO
14,2021-01-14,2021,January,1,Thursday,4,14,NO
15,2021-01-15,2021,January,1,Friday,5,15,NO
16,2021-01-16,2021,January,1,Saturday,6,16,NO
17,2021-01-17,2021,January,1,Sunday,7,17,NO
18,2021-01-18,2021,January,1,Monday,1,18,NO
19,2021-01-19,2021,January,1,Tuesday,2,19,NO
20,2021-01-20,2021,January,1,Wednesday,3,20,NO
21,2021-01-21,2021,January,1,Thursday,4,21,NO
22,2021-01-22,2021,January,1,Friday,5,22,NO
23,2021-01-23,2021,January,1,Saturday,6,23,NO
24,2021-01-24,2021,January,1,Sunday,7,24,NO
25,2021-01-25,2021,January,1,Monday,1,25,NO
26,2021-01-26,2021,January,1,Tuesday,2,26,NO
27,2021-01-27,2021,January,1,Wednesday,3,27,NO
28,2021-01-28,2021,January,1,Thursday,4,28,NO
29,2021-01-29,2021,January,1,Friday,5,29,NO
30,2021-01-30,2021,January,1,Saturday,6,30,NO
31,2021-01-31,2021,January,1,Sunday,7,31,NO
32,2021-02-01,2021,February,2,Monday,1,1,NO
33,2021-02-02,2021,February,2,Tuesday,2,2,NO
34,2021-02-03,2021,February,2,Wednesday,3,3,NO
35,2021-02-04,2021,February,2,Thursday,4,4,NO
36,2021-02-05,2021,February,2,Friday,5,5,NO
37,2021-02-06,2021,February,2,Saturday,6,6,NO
38,2021-02-07,2021,February,2,Sunday,7,7,NO
39,2021-02-08,2021,February,2,Monday,1,8,NO
40,2021-02-09,2021,February,2,Tuesday,2,9,NO
41,2021-02-10,2021,February,2,Wednesday,3,10,NO
42,2021-02-11,2021,February,2,Thursday,4,11,NO
43,2021-02-12,2021,February,2,Friday,5,12,NO
44,2021-02-13,2021,February,2,Saturday,6,13,NO
45,2021-02-14,2021,February,2,Sunday,7,14,NO
46,2021-02-15,2021,February,2,Monday,1,15,NO
47,2021-02-16,2021,February,2,Tuesday,2,16,NO
48,2021-02-17,2021,February,2,Wednesday,3,17,NO
49,2021-02-18,2021,February,2,Thursday,4,18,NO
50,2021-02-19,2021,February,2,Friday,5,19,NO
51,2021-02-20,2021,February,2,Saturday,6,20,NO
52,2021-02-21,2021,February,2,Sunday,7,21,NO
53,2021-02-22,2021,February,2,Monday,1,22,NO
54,2021-02-23,2021,February,2,Tuesday,2,23,NO
55,2021-02-24,2021,February,2,Wednesday,3,24,NO
56,2021-02-25,2021,February,2,Thursday,4,25,NO
57,2021-02-26,2021,February,2,Friday,5,26,NO
58,2021-02-27,2021,February,2,Saturday,6,27,NO
59,2021-02-28,2021,February,2,Sunday,7,28,NO
60,2021-03-01,2021,March,3,Monday,1,1,NO
61,2021-03-02,2021,March,3,Tuesday,2,2,NO
62,2021-03-03,2021,March,3,Wednesday,3,3,NO
63,2021-03-04,2021,March,3,Thursday,4,4,NO
64,2021-03-05,2021,March,3,Friday,5,5,NO
65,2021-03-06,2021,March,3,Saturday,6,6,NO
66,2021-03-07,2021,March,3,Sunday,7,7,NO
67,2021-03-08,2021,March,3,Monday,1,8,NO
68,2021-03-09,2021,March,3,Tuesday,2,9,NO
69,2021-03-10,2021,March,3,Wednesday,3,10,NO
70,2021-03-11,2021,March,3,Thursday,4,11,NO
71,2021-03-12,2021,March,3,Friday,5,12,NO
72,2021-03-13,2021,March,3,Saturday,6,13,NO
73,2021-03-14,2021,March,3,Sunday,7,14,NO
74,2021-03-15,2021,March,3,Monday,1,15,NO
75,2021-03-16,2021,March,3,Tuesday,2,16,NO
76,2021-03-17,2021,March,3,Wednesday,3,17,NO
77,2021-03-18,2021,March,3,Thursday,4,18,NO
78,2021-03-19,2021,March,3,Friday,5,19,NO
79,2021-03-20,2021,March,3,Saturday,6,20,NO
80,2021-03-21,2021,March,3,Sunday,7,21,NO
81,2021-03-22,2021,March,3,Monday,1,22,NO
82,2021-03-23,2021,March,3,Tuesday,2,23,NO
83,2021-03-24,2021,March,3,Wednesday,3,24,NO
84,2021-03-25,2021,March,3,Thursday,4,25,NO
85,2021-03-26,2021,March,3,Friday,5,26,NO
86,2021-03-27,2021,March,3,Saturday,6,27,NO
87,2021-03-28,2021,March,3,Sunday,7,28,NO
88,2021-03-29,2021,March,3,Monday,1,29,NO
89,2021-03-30,2021,March,3,Tuesday,2,30,NO
90,2021-03-31,2021,March,3,Wednesday,3,31,NO
91,2021-04-01,2021,April,4,Thursday,4,1,NO
92,2021-04-02,2021,April,4,Friday,5,2,NO
93,2021-04-03,2021,April,4,Saturday,6,3,NO
94,2021-04-04,2021,April,4,Sunday,7,4,YES
95,2021-04-05,2021,April,4,Monday,1,5,YES
96,2021-04-06,2021,April,4,Tuesday,2,6,NO
97,2021-04-07,2021,April,4,Wednesday,3,7,NO
98,2021-04-08,2021,April,4,Thursday,4,8,NO
99,2021-04-09,2021,April,4,Friday,5,9,NO
100,2021-04-10,2021,April,4,Saturday,6,10,NO
101,2021-04-11,2021,April,4,Sunday,7,11,NO
102,2021-04-12,2021,April,4,Monday,1,12,NO
103,2021-04-13,2021,April,4,Tuesday,2,13,NO
104,2021-04-14,2021,April,4,Wednesday,3,14,NO
105,2021-04-15,2021,April,4,Thursday,4,15,NO
106,2021-04-16,2021,April,4,Friday,5,16,NO
107,2021-04-17,2021,April,4,Saturday,6,17,NO
108,2021-04-18,2021,April,4,Sunday,7,18,NO
109,2021-04-19,2021,April,4,Monday,1,19,NO
110,2021-04-20,2021,April,4,Tuesday,2,20,NO
111,2021-04-21,2021,April,4,Wednesday,3,21,NO
112,2021-04-22,2021,April,4,Thursday,4,22,NO
113,2021-04-23,2021,April,4,Friday,5,23,NO
114,2021-04-24,2021,April,4,Saturday,6,24,NO
115,2021-04-25,2021,April,4,Sunday,7,25,NO
116,2021-04-26,2021,April,4,Monday,1,26,NO
117,2021-04-27,2021,April,4,Tuesday,2,27,NO
118,2021-04-28,2021,April,4,Wednesday,3,28,NO
119,2021-04-29,2021,April,4,Thursday,4,29,NO
120,2021-04-30,2021,April,4,Friday,5,30,NO
121,2021-05-01,2021,May,5,Saturday,6,1,YES
122,2021-05-02,2021,May,5,Sunday,7,2,NO
123,2021-05-03,2021,May,5,Monday,1,3,YES
124,2021-05-04,2021,May,5,Tuesday,2,4,NO
125,2021-05-05,2021,May,5,Wednesday,3,5,NO
126,2021-05-06,2021,May,5,Thursday,4,6,NO
127,2021-05-07,2021,May,5,Friday,5,7,NO
128,2021-05-08,2021,May,5,Saturday,6,8,NO
129,2021-05-09,2021,May,5,Sunday,7,9,NO
130,2021-05-10,2021,May,5,Monday,1,10,NO
131,2021-05-11,2021,May,5,Tuesday,2,11,NO
132,2021-05-12,2021,May,5,Wednesday,3,12,NO
133,2021-05-13,2021,May,5,Thursday,4,13,NO
134,2021-05-14,2021,May,5,Friday,5,14,NO
135,2021-05-15,2021,May,5,Saturday,6,15,NO
136,2021-05-16,2021,May,5,Sunday,7,16,NO
137,2021-05-17,2021,May,5,Monday,1,17,NO
138,2021-05-18,2021,May,5,Tuesday,2,18,NO
139,2021-05-19,2021,May,5,Wednesday,3,19,NO
140,2021-05-20,2021,May,5,Thursday,4,20,NO
141,2021-05-21,2021,May,5,Friday,5,21,NO
142,2021-05-22,2021,May,5,Saturday,6,22,NO
143,2021-05-23,2021,May,5,Sunday,7,23,YES
144,2021-05-24,2021,May,5,Monday,1,24,NO
145,2021-05-25,2021,May,5,Tuesday,2,25,NO
146,2021-05-26,2021,May,5,Wednesday,3,26,NO
147,2021-05-27,2021,May,5,Thursday,4,27,NO
148,2021-05-28,2021,May,5,Friday,5,28,NO
149,2021-05-29,2021,May,5,Saturday,6,29,NO
150,2021-05-30,2021,May,5,Sunday,7,30,NO
151,2021-05-31,2021,May,5,Monday,1,31,NO
152,2021-06-01,2021,June,6,Tuesday,2,1,NO
153,2021-06-02,2021,June,6,Wednesday,3,2,NO
154,2021-06-03,2021,June,6,Thursday,4,3,YES
155,2021-06-04,2021,June,6,Friday,5,4,NO
156,2021-06-05,2021,June,6,Saturday,6,5,NO
157,2021-06-06,2021,June,6,Sunday,7,6,NO
158,2021-06-07,2021,June,6,Monday,1,7,NO
159,2021-06-08,2021,June,6,Tuesday,2,8,NO
160,2021-06-09,2021,June,6,Wednesday,3,9,NO
161,2021-06-10,2021,June,6,Thursday,4,10,NO
162,2021-06-11,2021,June,6,Friday,5,11,NO
163,2021-06-12,2021,June,6,Saturday,6,12,NO
164,2021-06-13,2021,June,6,Sunday,7,13,NO
165,2021-06-14,2021,June,6,Monday,1,14,NO
166,2021-06-15,2021,June,6,Tuesday,2,15,NO
167,2021-06-16,2021,June,6,Wednesday,3,16,NO
168,2021-06-17,2021,June,6,Thursday,4,17,NO
169,2021-06-18,2021,June,6,Friday,5,18,NO
170,2021-06-19,2021,June,6,Saturday,6,19,NO
171,2021-06-20,2021,June,6,Sunday,7,20,NO
172,2021-06-21,2021,June,6,Monday,1,21,NO
173,2021-06-22,2021,June,6,Tuesday,2,22,NO
174,2021-06-23,2021,June,6,Wednesday,3,23,NO
175,2021-06-24,2021,June,6,Thursday,4,24,NO
176,2021-06-25,2021,June,6,Friday,5,25,NO
177,2021-06-26,2021,June,6,Saturday,6,26,NO
178,2021-06-27,2021,June,6,Sunday,7,27,NO
179,2021-06-28,2021,June,6,Monday,1,28,NO
180,2021-06-29,2021,June,6,Tuesday,2,29,NO
181,2021-06-30,2021,June,6,Wednesday,3,30,NO
182,2021-07-01,2021,July,7,Thursday,4,1,NO
183,2021-07-02,2021,July,7,Friday,5,2,NO
184,2021-07-03,2021,July,7,Saturday,6,3,NO
185,2021-07-04,2021,July,7,Sunday,7,4,NO
186,2021-07-05,2021,July,7,Monday,1,5,NO
187,2021-07-06,2021,July,7,Tuesday,2,6,NO
188,2021-07-07,2021,July,7,Wednesday,3,7,NO
189,2021-07-08,2021,July,7,Thursday,4,8,NO
190,2021-07-09,2021,July,7,Friday,5,9,NO
191,2021-07-10,2021,July,7,Saturday,6,10,NO
192,2021-07-11,2021,July,7,Sunday,7,11,NO
193,2021-07-12,2021,July,7,Monday,1,12,NO
194,2021-07-13,2021,July,7,Tuesday,2,13,NO
195,2021-07-14,2021,July,7,Wednesday,3,14,NO
196,2021-07-15,2021,July,7,Thursday,4,15,NO
197,2021-07-16,2021,July,7,Friday,5,16,NO
198,2021-07-17,2021,July,7,Saturday,6,17,NO
199,2021-07-18,2021,July,7,Sunday,7,18,NO
200,2021-07-19,2021,July,7,Monday,1,19,NO
201,2021-07-20,2021,July,7,Tuesday,2,20,NO
202,2021-07-21,2021,July,7,Wednesday,3,21,NO
203,2021-07-22,2021,July,7,Thursday,4,22,NO
204,2021-07-23,2021,July,7,Friday,5,23,NO
205,2021-07-24,2021,July,7,Saturday,6,24,NO
206,2021-07-25,2021,July,7,Sunday,7,25,NO
207,2021-07-26,2021,July,7,Monday,1,26,NO
208,2021-07-27,2021,July,7,Tuesday,2,27,NO
209,2021-07-28,2021,July,7,Wednesday,3,28,NO
210,2021-07-29,2021,July,7,Thursday,4,29,NO
211,2021-07-30,2021,July,7,Friday,5,30,NO
212,2021-07-31,2021,July,7,Saturday,6,31,NO
213,2021-08-01,2021,August,8,Sunday,7,1,NO
214,2021-08-02,2021,August,8,Monday,1,2,NO
215,2021-08-03,2021,August,8,Tuesday,2,3,NO
216,2021-08-04,2021,August,8,Wednesday,3,4,NO
217,2021-08-05,2021,August,8,Thursday,4,5,NO
218,2021-08-06,2021,August,8,Friday,5,6,NO
219,2021-08-07,2021,August,8,Saturday,6,7,NO
220,2021-08-08,2021,August,8,Sunday,7,8,NO
221,2021-08-09,2021,August,8,Monday,1,9,NO
222,2021-08-10,2021,August,8,Tuesday,2,10,NO
223,2021-08-11,2021,August,8,Wednesday,3,11,NO
224,2021-08-12,2021,August,8,Thursday,4,12,NO
225,2021-08-13,2021,August,8,Friday,5,13,NO
226,2021-08-14,2021,August,8,Saturday,6,14,NO
227,2021-08-15,2021,August,8,Sunday,7,15,YES
228,2021-08-16,2021,August,8,Monday,1,16,NO
229,2021-08-17,2021,August,8,Tuesday,2,17,NO
230,2021-08-18,2021,August,8,Wednesday,3,18,NO
231,2021-08-19,2021,August,8,Thursday,4,19,NO
232,2021-08-20,2021,August,8,Friday,5,20,NO
233,2021-08-21,2021,August,8,Saturday,6,21,NO
234,2021-08-22,2021,August,8,Sunday,7,22,NO
235,2021-08-23,2021,August,8,Monday,1,23,NO
236,2021-08-24,2021,August,8,Tuesday,2,24,NO
237,2021-08-25,2021,August,8,Wednesday,3,25,NO
238,2021-08-26,2021,August,8,Thursday,4,26,NO
239,2021-08-27,2021,August,8,Friday,5,27,NO
240,2021-08-28,2021,August,8,Saturday,6,28,NO
241,2021-08-29,2021,August,8,Sunday,7,29,NO
242,2021-08-30,2021,August,8,Monday,1,30,NO
243,2021-08-31,2021,August,8,Tuesday,2,31,NO
244,2021-09-01,2021,September,9,Wednesday,3,1,NO
245,2021-09-02,2021,September,9,Thursday,4,2,NO
246,2021-09-03,2021,September,9,Friday,5,3,NO
247,2021-09-04,2021,September,9,Saturday,6,4,NO
248,2021-09-05,2021,September,9,Sunday,7,5,NO
249,2021-09-06,2021,September,9,Monday,1,6,NO
250,2021-09-07,2021,September,9,Tuesday,2,7,NO
251,2021-09-08,2021,September,9,Wednesday,3,8,NO
252,2021-09-09,2021,September,9,Thursday,4,9,NO
253,2021-09-10,2021,September,9,Friday,5,10,NO
254,2021-09-11,2021,September,9,Saturday,6,11,NO
255,2021-09-12,2021,September,9,Sunday,7,12,NO
256,2021-09-13,2021,September,9,Monday,1,13,NO
257,2021-09-14,2021,September,9,Tuesday,2,14,NO
258,2021-09-15,2021,September,9,Wednesday,3,15,NO
259,2021-09-16,2021,September,9,Thursday,4,16,NO
260,2021-09-17,2021,September,9,Friday,5,17,NO
261,2021-09-18,2021,September,9,Saturday,6,18,NO
262,2021-09-19,2021,September,9,Sunday,7,19,NO
263,2021-09-20,2021,September,9,Monday,1,20,NO
264,2021-09-21,2021,September,9,Tuesday,2,21,NO
265,2021-09-22,2021,September,9,Wednesday,3,22,NO
266,2021-09-23,2021,September,9,Thursday,4,23,NO
267,2021-09-24,2021,September,9,Friday,5,24,NO
268,2021-09-25,2021,September,9,Saturday,6,25,NO
269,2021-09-26,2021,September,9,Sunday,7,26,NO
270,2021-09-27,2021,September,9,Monday,1,27,NO
271,2021-09-28,2021,September,9,Tuesday,2,28,NO
272,2021-09-29,2021,September,9,Wednesday,3,29,NO
273,2021-09-30,2021,September,9,Thursday,4,30,NO
274,2021-10-01,2021,October,10,Friday,5,1,NO
275,2021-10-02,2021,October,10,Saturday,6,2,NO
276,2021-10-03,2021,October,10,Sunday,7,3,NO
277,2021-10-04,2021,October,10,Monday,1,4,NO
278,2021-10-05,2021,October,10,Tuesday,2,5,NO
279,2021-10-06,2021,October,10,Wednesday,3,6,NO
280,2021-10-07,2021,October,10,Thursday,4,7,NO
281,2021-10-08,2021,October,10,Friday,5,8,NO
282,2021-10-09,2021,October,10,Saturday,6,9,NO
283,2021-10-10,2021,October,10,Sunday,7,10,NO
284,2021-10-11,2021,October,10,Monday,1,11,NO
285,2021-10-12,2021,October,10,Tuesday,2,12,NO
286,2021-10-13,2021,October,10,Wednesday,3,13,NO
287,2021-10-14,2021,October,10,Thursday,4,14,NO
288,2021-10-15,2021,October,10,Friday,5,15,NO
289,2021-10-16,2021,October,10,Saturday,6,16,NO
290,2021-10-17,2021,October,10,Sunday,7,17,NO
291,2021-10-18,2021,October,10,Monday,1,18,NO
292,2021-10-19,2021,October,10,Tuesday,2,19,NO
293,2021-10-20,2021,October,10,Wednesday,3,20,NO
294,2021-10-21,2021,October,10,Thursday,4,21,NO
295,2021-10-22,2021,October,10,Friday,5,22,NO
296,2021-10-23,2021,October,10,Saturday,6,23,NO
297,2021-10-24,2021,October,10,Sunday,7,24,NO
298,2021-10-25,2021,October,10,Monday,1,25,NO
299,2021-10-26,2021,October,10,Tuesday,2,26,NO
300,2021-10-27,2021,October,10,Wednesday,3,27,NO
301,2021-10-28,2021,October,10,Thursday,4,28,NO
302,2021-10-29,2021,October,10,Friday,5,29,NO
303,2021-10-30,2021,October,10,Saturday,6,30,NO
304,2021-10-31,2021,October,10,Sunday,7,31,NO
305,2021-11-01,2021,November,11,Monday,1,1,YES
306,2021-11-02,2021,November,11,Tuesday,2,2,NO
307,2021-11-03,2021,November,11,Wednesday,3,3,NO
308,2021-11-04,2021,November,11,Thursday,4,4,NO
309,2021-11-05,2021,November,11,Friday,5,5,NO
310,2021-11-06,2021,November,11,Saturday,6,6,NO
311,2021-11-07,2021,November,11,Sunday,7,7,NO
312,2021-11-08,2021,November,11,Monday,1,8,NO
313,2021-11-09,2021,November,11,Tuesday,2,9,NO
314,2021-11-10,2021,November,11,Wednesday,3,10,NO
315,2021-11-11,2021,November,11,Thursday,4,11,YES
316,2021-11-12,2021,November,11,Friday,5,12,NO
317,2021-11-13,2021,November,11,Saturday,6,13,NO
318,2021-11-14,2021,November,11,Sunday,7,14,NO
319,2021-11-15,2021,November,11,Monday,1,15,NO
320,2021-11-16,2021,November,11,Tuesday,2,16,NO
321,2021-11-17,2021,November,11,Wednesday,3,17,NO
322,2021-11-18,2021,November,11,Thursday,4,18,NO
323,2021-11-19,2021,November,11,Friday,5,19,NO
324,2021-11-20,2021,November,11,Saturday,6,20,NO
325,2021-11-21,2021,November,11,Sunday,7,21,NO
326,2021-11-22,2021,November,11,Monday,1,22,NO
327,2021-11-23,2021,November,11,Tuesday,2,23,NO
328,2021-11-24,2021,November,11,Wednesday,3,24,NO
329,2021-11-25,2021,November,11,Thursday,4,25,NO
330,2021-11-26,2021,November,11,Friday,5,26,NO
331,2021-11-27,2021,November,11,Saturday,6,27,NO
332,2021-11-28,2021,November,11,Sunday,7,28,NO
333,2021-11-29,2021,November,11,Monday,1,29,NO
334,2021-11-30,2021,November,11,Tuesday,2,30,NO
335,2021-12-01,2021,December,12,Wednesday,3,1,NO
336,2021-12-02,2021,December,12,Thursday,4,2,NO
337,2021-12-03,2021,December,12,Friday,5,3,NO
338,2021-12-04,2021,December,12,Saturday,6,4,NO
339,2021-12-05,2021,December,12,Sunday,7,5,NO
340,2021-12-06,2021,December,12,Monday,1,6,NO
341,2021-12-07,2021,December,12,Tuesday,2,7,NO
342,2021-12-08,2021,December,12,Wednesday,3,8,NO
343,2021-12-09,2021,December,12,Thursday,4,9,NO
344,2021-12-10,2021,December,12,Friday,5,10,NO
345,2021-12-11,2021,December,12,Saturday,6,11,NO
346,2021-12-12,2021,December,12,Sunday,7,12,NO
347,2021-12-13,2021,December,12,Monday,1,13,NO
348,2021-12-14,2021,December,12,Tuesday,2,14,NO
349,2021-12-15,2021,December,12,Wednesday,3,15,NO
350,2021-12-16,2021,December,12,Thursday,4,16,NO
351,2021-12-17,2021,December,12,Friday,5,17,NO
352,2021-12-18,2021,December,12,Saturday,6,18,NO
353,2021-12-19,2021,December,12,Sunday,7,19,NO
354,2021-12-20,2021,December,12,Monday,1,20,NO
355,2021-12-21,2021,December,12,Tuesday,2,21,NO
356,2021-12-22,2021,December,12,Wednesday,3,22,NO
357,2021-12-23,2021,December,12,Thursday,4,23,NO
358,2021-12-24,2021,December,12,Friday,5,24,NO
359,2021-12-25,2021,December,12,Saturday,6,25,YES
360,2021-12-26,2021,December,12,Sunday,7,26,YES
361,2021-12-27,2021,December,12,Monday,1,27,NO
362,2021-12-28,2021,December,12,Tuesday,2,28,NO
363,2021-12-29,2021,December,12,Wednesday,3,29,NO
364,2021-12-30,2021,December,12,Thursday,4,30,NO
365,2021-12-31,2021,December,12,Friday,5,31,NO
